Dataset,Model,Score_Type,n,m,Algorithm,Trial,FCP,Relative_Length,Set_Size
Synthetic,RANKNET,RA,500,1000,DCR,0,0.913,0.22979,344.685
Synthetic,RANKNET,RA,500,1000,MDCR,0,0.913,0.22979,344.685
Synthetic,RANKNET,VA,500,1000,DCR,0,0.917,0.21505733333333335,322.586
Synthetic,RANKNET,VA,500,1000,MDCR,0,0.918,0.215436,323.154
Synthetic,RANKNET,RA,500,1000,DCR,1,0.917,0.23216133333333336,348.242
Synthetic,RANKNET,RA,500,1000,MDCR,1,0.917,0.23216133333333336,348.242
Synthetic,RANKNET,VA,500,1000,DCR,1,0.923,0.21830133333333332,327.452
Synthetic,RANKNET,VA,500,1000,MDCR,1,0.923,0.21896600000000002,328.449
Synthetic,RANKNET,RA,500,1000,DCR,2,0.901,0.223598,335.397
Synthetic,RANKNET,RA,500,1000,MDCR,2,0.898,0.22242199999999998,333.633
Synthetic,RANKNET,VA,500,1000,DCR,2,0.915,0.21769266666666665,326.539
Synthetic,RANKNET,VA,500,1000,MDCR,2,0.915,0.2176193333333333,326.429
Synthetic,RANKNET,RA,500,1000,DCR,3,0.885,0.21775133333333335,326.627
Synthetic,RANKNET,RA,500,1000,MDCR,3,0.886,0.21893400000000002,328.401
Synthetic,RANKNET,VA,500,1000,DCR,3,0.914,0.21465800000000002,321.987
Synthetic,RANKNET,VA,500,1000,MDCR,3,0.914,0.2135773333333333,320.366
Synthetic,RANKNET,RA,500,1000,DCR,4,0.909,0.227678,341.517
Synthetic,RANKNET,RA,500,1000,MDCR,4,0.909,0.227678,341.517
Synthetic,RANKNET,VA,500,1000,DCR,4,0.92,0.217048,325.572
Synthetic,RANKNET,VA,500,1000,MDCR,4,0.919,0.21634133333333333,324.512
Synthetic,RANKNET,RA,500,1000,DCR,5,0.911,0.23363066666666668,350.446
Synthetic,RANKNET,RA,500,1000,MDCR,5,0.911,0.232464,348.696
Synthetic,RANKNET,VA,500,1000,DCR,5,0.917,0.21940066666666666,329.101
Synthetic,RANKNET,VA,500,1000,MDCR,5,0.915,0.21834,327.51
Synthetic,RANKNET,RA,500,1000,DCR,6,0.934,0.24104333333333333,361.565
Synthetic,RANKNET,RA,500,1000,MDCR,6,0.934,0.24104333333333333,361.565
Synthetic,RANKNET,VA,500,1000,DCR,6,0.935,0.222826,334.239
Synthetic,RANKNET,VA,500,1000,MDCR,6,0.935,0.22290666666666667,334.36
Synthetic,RANKNET,RA,500,1000,DCR,7,0.903,0.22715733333333332,340.736
Synthetic,RANKNET,RA,500,1000,MDCR,7,0.903,0.22715733333333332,340.736
Synthetic,RANKNET,VA,500,1000,DCR,7,0.916,0.21568466666666666,323.527
Synthetic,RANKNET,VA,500,1000,MDCR,7,0.917,0.21633399999999997,324.501
Synthetic,RANKNET,RA,500,1000,DCR,8,0.915,0.2317846666666667,347.677
Synthetic,RANKNET,RA,500,1000,MDCR,8,0.915,0.2317846666666667,347.677
Synthetic,RANKNET,VA,500,1000,DCR,8,0.933,0.22455933333333333,336.839
Synthetic,RANKNET,VA,500,1000,MDCR,8,0.933,0.22467199999999998,337.008
Synthetic,RANKNET,RA,500,1000,DCR,9,0.934,0.24271733333333334,364.076
Synthetic,RANKNET,RA,500,1000,MDCR,9,0.934,0.24271733333333334,364.076
Synthetic,RANKNET,VA,500,1000,DCR,9,0.943,0.22726266666666667,340.894
Synthetic,RANKNET,VA,500,1000,MDCR,9,0.943,0.22749266666666665,341.239
Synthetic,RANKNET,RA,500,1000,DCR,10,0.913,0.230666,345.999
Synthetic,RANKNET,RA,500,1000,MDCR,10,0.911,0.229498,344.247
Synthetic,RANKNET,VA,500,1000,DCR,10,0.924,0.2162633333333333,324.395
Synthetic,RANKNET,VA,500,1000,MDCR,10,0.924,0.21615066666666666,324.226
Synthetic,RANKNET,RA,500,1000,DCR,11,0.902,0.224294,336.441
Synthetic,RANKNET,RA,500,1000,MDCR,11,0.902,0.224294,336.441
Synthetic,RANKNET,VA,500,1000,DCR,11,0.921,0.21677933333333332,325.169
Synthetic,RANKNET,VA,500,1000,MDCR,11,0.922,0.217212,325.818
Synthetic,RANKNET,RA,500,1000,DCR,12,0.921,0.236204,354.306
Synthetic,RANKNET,RA,500,1000,MDCR,12,0.922,0.23736733333333332,356.051
Synthetic,RANKNET,VA,500,1000,DCR,12,0.922,0.21772266666666668,326.584
Synthetic,RANKNET,VA,500,1000,MDCR,12,0.922,0.21783066666666664,326.746
Synthetic,RANKNET,RA,500,1000,DCR,13,0.92,0.23744333333333334,356.165
Synthetic,RANKNET,RA,500,1000,MDCR,13,0.92,0.23744333333333334,356.165
Synthetic,RANKNET,VA,500,1000,DCR,13,0.939,0.23020533333333332,345.308
Synthetic,RANKNET,VA,500,1000,MDCR,13,0.941,0.23098533333333335,346.478
Synthetic,RANKNET,RA,500,1000,DCR,14,0.939,0.24694933333333333,370.424
Synthetic,RANKNET,RA,500,1000,MDCR,14,0.94,0.24810200000000002,372.153
Synthetic,RANKNET,VA,500,1000,DCR,14,0.946,0.2299173333333333,344.876
Synthetic,RANKNET,VA,500,1000,MDCR,14,0.946,0.229872,344.808
Synthetic,RANKNET,RA,500,1000,DCR,15,0.909,0.23080466666666666,346.207
Synthetic,RANKNET,RA,500,1000,MDCR,15,0.909,0.23080466666666666,346.207
Synthetic,RANKNET,VA,500,1000,DCR,15,0.91,0.21500866666666665,322.513
Synthetic,RANKNET,VA,500,1000,MDCR,15,0.912,0.215484,323.226
Synthetic,RANKNET,RA,500,1000,DCR,16,0.916,0.23425866666666664,351.388
Synthetic,RANKNET,RA,500,1000,MDCR,16,0.917,0.23542733333333335,353.141
Synthetic,RANKNET,VA,500,1000,DCR,16,0.929,0.22171133333333334,332.567
Synthetic,RANKNET,VA,500,1000,MDCR,16,0.929,0.2214573333333333,332.186
Synthetic,RANKNET,RA,500,1000,DCR,17,0.905,0.22704133333333334,340.562
Synthetic,RANKNET,RA,500,1000,MDCR,17,0.905,0.22585733333333333,338.786
Synthetic,RANKNET,VA,500,1000,DCR,17,0.921,0.22062199999999998,330.933
Synthetic,RANKNET,VA,500,1000,MDCR,17,0.922,0.22136133333333333,332.042
Synthetic,RANKNET,RA,500,1000,DCR,18,0.91,0.2324706666666667,348.706
Synthetic,RANKNET,RA,500,1000,MDCR,18,0.91,0.23363733333333334,350.456
Synthetic,RANKNET,VA,500,1000,DCR,18,0.916,0.21465866666666666,321.988
Synthetic,RANKNET,VA,500,1000,MDCR,18,0.916,0.21492199999999997,322.383
Synthetic,RANKNET,RA,500,1000,DCR,19,0.916,0.23082533333333333,346.238
Synthetic,RANKNET,RA,500,1000,MDCR,19,0.917,0.23199133333333335,347.987
Synthetic,RANKNET,VA,500,1000,DCR,19,0.923,0.21577066666666667,323.656
Synthetic,RANKNET,VA,500,1000,MDCR,19,0.923,0.21583333333333332,323.75
Synthetic,RANKNET,RA,500,1000,DCR,20,0.899,0.22346133333333335,335.192
Synthetic,RANKNET,RA,500,1000,MDCR,20,0.897,0.222288,333.432
Synthetic,RANKNET,VA,500,1000,DCR,20,0.919,0.21895133333333336,328.427
Synthetic,RANKNET,VA,500,1000,MDCR,20,0.919,0.21916600000000003,328.749
Synthetic,RANKNET,RA,500,1000,DCR,21,0.938,0.24559266666666668,368.389
Synthetic,RANKNET,RA,500,1000,MDCR,21,0.94,0.246738,370.107
Synthetic,RANKNET,VA,500,1000,DCR,21,0.952,0.2331646666666667,349.747
Synthetic,RANKNET,VA,500,1000,MDCR,21,0.952,0.233876,350.814
Synthetic,RANKNET,RA,500,1000,DCR,22,0.9,0.226974,340.461
Synthetic,RANKNET,RA,500,1000,MDCR,22,0.902,0.22813866666666668,342.208
Synthetic,RANKNET,VA,500,1000,DCR,22,0.919,0.22144133333333332,332.162
Synthetic,RANKNET,VA,500,1000,MDCR,22,0.917,0.22091733333333333,331.376
Synthetic,RANKNET,RA,500,1000,DCR,23,0.901,0.22425666666666666,336.385
Synthetic,RANKNET,RA,500,1000,MDCR,23,0.903,0.22543733333333335,338.156
Synthetic,RANKNET,VA,500,1000,DCR,23,0.917,0.21580333333333332,323.705
Synthetic,RANKNET,VA,500,1000,MDCR,23,0.915,0.21438933333333335,321.584
Synthetic,RANKNET,RA,500,1000,DCR,24,0.905,0.2248166666666667,337.225
Synthetic,RANKNET,RA,500,1000,MDCR,24,0.905,0.2248166666666667,337.225
Synthetic,RANKNET,VA,500,1000,DCR,24,0.921,0.219412,329.118
Synthetic,RANKNET,VA,500,1000,MDCR,24,0.921,0.219412,329.118
Synthetic,RANKNET,RA,500,1000,DCR,25,0.902,0.22577533333333333,338.663
Synthetic,RANKNET,RA,500,1000,MDCR,25,0.902,0.22577533333333333,338.663
Synthetic,RANKNET,VA,500,1000,DCR,25,0.902,0.2099653333333333,314.948
Synthetic,RANKNET,VA,500,1000,MDCR,25,0.9,0.20940266666666665,314.104
Synthetic,RANKNET,RA,500,1000,DCR,26,0.918,0.23153133333333334,347.297
Synthetic,RANKNET,RA,500,1000,MDCR,26,0.918,0.23153133333333334,347.297
Synthetic,RANKNET,VA,500,1000,DCR,26,0.922,0.21541866666666665,323.128
Synthetic,RANKNET,VA,500,1000,MDCR,26,0.922,0.21507133333333336,322.607
Synthetic,RANKNET,RA,500,1000,DCR,27,0.91,0.22992666666666667,344.89
Synthetic,RANKNET,RA,500,1000,MDCR,27,0.91,0.22992666666666667,344.89
Synthetic,RANKNET,VA,500,1000,DCR,27,0.929,0.22179733333333335,332.696
Synthetic,RANKNET,VA,500,1000,MDCR,27,0.929,0.22160733333333332,332.411
Synthetic,RANKNET,RA,500,1000,DCR,28,0.88,0.21503466666666668,322.552
Synthetic,RANKNET,RA,500,1000,MDCR,28,0.881,0.21621933333333335,324.329
Synthetic,RANKNET,VA,500,1000,DCR,28,0.898,0.20741733333333331,311.126
Synthetic,RANKNET,VA,500,1000,MDCR,28,0.898,0.20699133333333336,310.487
Synthetic,RANKNET,RA,500,1000,DCR,29,0.922,0.23792466666666667,356.887
Synthetic,RANKNET,RA,500,1000,MDCR,29,0.918,0.23676066666666667,355.141
Synthetic,RANKNET,VA,500,1000,DCR,29,0.916,0.21444133333333332,321.662
Synthetic,RANKNET,VA,500,1000,MDCR,29,0.916,0.21429733333333334,321.446
Synthetic,RANKNET,RA,500,1000,DCR,30,0.892,0.21795266666666666,326.929
Synthetic,RANKNET,RA,500,1000,MDCR,30,0.892,0.21795266666666666,326.929
Synthetic,RANKNET,VA,500,1000,DCR,30,0.903,0.20639,309.585
Synthetic,RANKNET,VA,500,1000,MDCR,30,0.903,0.20632399999999998,309.486
Synthetic,RANKNET,RA,500,1000,DCR,31,0.916,0.23298466666666665,349.477
Synthetic,RANKNET,RA,500,1000,MDCR,31,0.916,0.23181866666666667,347.728
Synthetic,RANKNET,VA,500,1000,DCR,31,0.919,0.21490733333333334,322.361
Synthetic,RANKNET,VA,500,1000,MDCR,31,0.921,0.21591666666666667,323.875
Synthetic,RANKNET,RA,500,1000,DCR,32,0.905,0.22746,341.19
Synthetic,RANKNET,RA,500,1000,MDCR,32,0.905,0.22746,341.19
Synthetic,RANKNET,VA,500,1000,DCR,32,0.919,0.21714933333333333,325.724
Synthetic,RANKNET,VA,500,1000,MDCR,32,0.919,0.21666533333333332,324.998
Synthetic,RANKNET,RA,500,1000,DCR,33,0.922,0.23626333333333333,354.395
Synthetic,RANKNET,RA,500,1000,MDCR,33,0.922,0.23626333333333333,354.395
Synthetic,RANKNET,VA,500,1000,DCR,33,0.936,0.22237333333333334,333.56
Synthetic,RANKNET,VA,500,1000,MDCR,33,0.934,0.22175199999999998,332.628
Synthetic,RANKNET,RA,500,1000,DCR,34,0.909,0.228188,342.282
Synthetic,RANKNET,RA,500,1000,MDCR,34,0.909,0.228188,342.282
Synthetic,RANKNET,VA,500,1000,DCR,34,0.918,0.21664266666666668,324.964
Synthetic,RANKNET,VA,500,1000,MDCR,34,0.918,0.2164126666666667,324.619
Synthetic,RANKNET,RA,500,1000,DCR,35,0.874,0.21072533333333335,316.088
Synthetic,RANKNET,RA,500,1000,MDCR,35,0.874,0.21072533333333335,316.088
Synthetic,RANKNET,VA,500,1000,DCR,35,0.892,0.2074126666666667,311.119
Synthetic,RANKNET,VA,500,1000,MDCR,35,0.893,0.20756333333333335,311.345
Synthetic,RANKNET,RA,500,1000,DCR,36,0.891,0.21865933333333332,327.989
Synthetic,RANKNET,RA,500,1000,MDCR,36,0.891,0.21865933333333332,327.989
Synthetic,RANKNET,VA,500,1000,DCR,36,0.898,0.20859999999999998,312.9
Synthetic,RANKNET,VA,500,1000,MDCR,36,0.898,0.20851999999999998,312.78
Synthetic,RANKNET,RA,500,1000,DCR,37,0.888,0.21941266666666667,329.119
Synthetic,RANKNET,RA,500,1000,MDCR,37,0.888,0.21941266666666667,329.119
Synthetic,RANKNET,VA,500,1000,DCR,37,0.912,0.212932,319.398
Synthetic,RANKNET,VA,500,1000,MDCR,37,0.912,0.21373000000000003,320.595
Synthetic,RANKNET,RA,500,1000,DCR,38,0.939,0.24744133333333332,371.162
Synthetic,RANKNET,RA,500,1000,MDCR,38,0.939,0.24744133333333332,371.162
Synthetic,RANKNET,VA,500,1000,DCR,38,0.937,0.22876066666666667,343.141
Synthetic,RANKNET,VA,500,1000,MDCR,38,0.937,0.22878933333333334,343.184
Synthetic,RANKNET,RA,500,1000,DCR,39,0.921,0.23580600000000002,353.709
Synthetic,RANKNET,RA,500,1000,MDCR,39,0.921,0.23580600000000002,353.709
Synthetic,RANKNET,VA,500,1000,DCR,39,0.933,0.22131133333333333,331.967
Synthetic,RANKNET,VA,500,1000,MDCR,39,0.933,0.22192866666666664,332.893
Synthetic,RANKNET,RA,500,1000,DCR,40,0.927,0.2419093333333333,362.864
Synthetic,RANKNET,RA,500,1000,MDCR,40,0.927,0.2419093333333333,362.864
Synthetic,RANKNET,VA,500,1000,DCR,40,0.932,0.23032066666666667,345.481
Synthetic,RANKNET,VA,500,1000,MDCR,40,0.932,0.229928,344.892
Synthetic,RANKNET,RA,500,1000,DCR,41,0.89,0.21981333333333336,329.72
Synthetic,RANKNET,RA,500,1000,MDCR,41,0.89,0.21981333333333336,329.72
Synthetic,RANKNET,VA,500,1000,DCR,41,0.897,0.208702,313.053
Synthetic,RANKNET,VA,500,1000,MDCR,41,0.897,0.20844800000000002,312.672
Synthetic,RANKNET,RA,500,1000,DCR,42,0.916,0.23168799999999998,347.532
Synthetic,RANKNET,RA,500,1000,MDCR,42,0.916,0.23168799999999998,347.532
Synthetic,RANKNET,VA,500,1000,DCR,42,0.943,0.23248466666666665,348.727
Synthetic,RANKNET,VA,500,1000,MDCR,42,0.942,0.2321353333333333,348.203
Synthetic,RANKNET,RA,500,1000,DCR,43,0.894,0.21909,328.635
Synthetic,RANKNET,RA,500,1000,MDCR,43,0.894,0.21909,328.635
Synthetic,RANKNET,VA,500,1000,DCR,43,0.896,0.20637066666666665,309.556
Synthetic,RANKNET,VA,500,1000,MDCR,43,0.894,0.20475266666666667,307.129
Synthetic,RANKNET,RA,500,1000,DCR,44,0.883,0.21353333333333335,320.3
Synthetic,RANKNET,RA,500,1000,MDCR,44,0.883,0.21353333333333335,320.3
Synthetic,RANKNET,VA,500,1000,DCR,44,0.896,0.203978,305.967
Synthetic,RANKNET,VA,500,1000,MDCR,44,0.895,0.20375466666666667,305.632
Synthetic,RANKNET,RA,500,1000,DCR,45,0.899,0.22358533333333333,335.378
Synthetic,RANKNET,RA,500,1000,MDCR,45,0.899,0.22358533333333333,335.378
Synthetic,RANKNET,VA,500,1000,DCR,45,0.913,0.21620399999999998,324.306
Synthetic,RANKNET,VA,500,1000,MDCR,45,0.913,0.21604733333333334,324.071
Synthetic,RANKNET,RA,500,1000,DCR,46,0.918,0.23215333333333335,348.23
Synthetic,RANKNET,RA,500,1000,MDCR,46,0.918,0.23215333333333335,348.23
Synthetic,RANKNET,VA,500,1000,DCR,46,0.927,0.22273266666666666,334.099
Synthetic,RANKNET,VA,500,1000,MDCR,46,0.927,0.22346133333333335,335.192
Synthetic,RANKNET,RA,500,1000,DCR,47,0.924,0.23667133333333334,355.007
Synthetic,RANKNET,RA,500,1000,MDCR,47,0.924,0.23667133333333334,355.007
Synthetic,RANKNET,VA,500,1000,DCR,47,0.932,0.2246726666666667,337.009
Synthetic,RANKNET,VA,500,1000,MDCR,47,0.932,0.22485866666666668,337.288
Synthetic,RANKNET,RA,500,1000,DCR,48,0.9,0.22331933333333331,334.979
Synthetic,RANKNET,RA,500,1000,MDCR,48,0.9,0.22331933333333331,334.979
Synthetic,RANKNET,VA,500,1000,DCR,48,0.923,0.21975399999999998,329.631
Synthetic,RANKNET,VA,500,1000,MDCR,48,0.923,0.22082866666666667,331.243
Synthetic,RANKNET,RA,500,1000,DCR,49,0.944,0.25231333333333333,378.47
Synthetic,RANKNET,RA,500,1000,MDCR,49,0.944,0.25231333333333333,378.47
Synthetic,RANKNET,VA,500,1000,DCR,49,0.945,0.23149533333333333,347.243
Synthetic,RANKNET,VA,500,1000,MDCR,49,0.945,0.231428,347.142
Synthetic,RANKNET,RA,500,1000,DCR,50,0.931,0.23964533333333335,359.468
Synthetic,RANKNET,RA,500,1000,MDCR,50,0.932,0.24081533333333335,361.223
Synthetic,RANKNET,VA,500,1000,DCR,50,0.947,0.2295846666666667,344.377
Synthetic,RANKNET,VA,500,1000,MDCR,50,0.947,0.22983466666666666,344.752
Synthetic,RANKNET,RA,500,1000,DCR,51,0.906,0.22643,339.645
Synthetic,RANKNET,RA,500,1000,MDCR,51,0.906,0.22643,339.645
Synthetic,RANKNET,VA,500,1000,DCR,51,0.923,0.21706799999999998,325.602
Synthetic,RANKNET,VA,500,1000,MDCR,51,0.923,0.21631799999999998,324.477
Synthetic,RANKNET,RA,500,1000,DCR,52,0.903,0.224112,336.168
Synthetic,RANKNET,RA,500,1000,MDCR,52,0.903,0.224112,336.168
Synthetic,RANKNET,VA,500,1000,DCR,52,0.904,0.20832666666666666,312.49
Synthetic,RANKNET,VA,500,1000,MDCR,52,0.903,0.208258,312.387
Synthetic,RANKNET,RA,500,1000,DCR,53,0.905,0.22638,339.57
Synthetic,RANKNET,RA,500,1000,MDCR,53,0.905,0.22638,339.57
Synthetic,RANKNET,VA,500,1000,DCR,53,0.923,0.222294,333.441
Synthetic,RANKNET,VA,500,1000,MDCR,53,0.924,0.22276400000000002,334.146
Synthetic,RANKNET,RA,500,1000,DCR,54,0.922,0.23593933333333333,353.909
Synthetic,RANKNET,RA,500,1000,MDCR,54,0.922,0.23593933333333333,353.909
Synthetic,RANKNET,VA,500,1000,DCR,54,0.919,0.21542733333333336,323.141
Synthetic,RANKNET,VA,500,1000,MDCR,54,0.919,0.21542933333333333,323.144
Synthetic,RANKNET,RA,500,1000,DCR,55,0.907,0.22769466666666666,341.542
Synthetic,RANKNET,RA,500,1000,MDCR,55,0.907,0.22769466666666666,341.542
Synthetic,RANKNET,VA,500,1000,DCR,55,0.916,0.21628933333333336,324.434
Synthetic,RANKNET,VA,500,1000,MDCR,55,0.916,0.216136,324.204
Synthetic,RANKNET,RA,500,1000,DCR,56,0.902,0.22392733333333334,335.891
Synthetic,RANKNET,RA,500,1000,MDCR,56,0.902,0.22392733333333334,335.891
Synthetic,RANKNET,VA,500,1000,DCR,56,0.91,0.21411266666666665,321.169
Synthetic,RANKNET,VA,500,1000,MDCR,56,0.91,0.21522466666666665,322.837
Synthetic,RANKNET,RA,500,1000,DCR,57,0.913,0.23075199999999998,346.128
Synthetic,RANKNET,RA,500,1000,MDCR,57,0.913,0.23075199999999998,346.128
Synthetic,RANKNET,VA,500,1000,DCR,57,0.93,0.219952,329.928
Synthetic,RANKNET,VA,500,1000,MDCR,57,0.929,0.21936866666666666,329.053
Synthetic,RANKNET,RA,500,1000,DCR,58,0.904,0.22664133333333333,339.962
Synthetic,RANKNET,RA,500,1000,MDCR,58,0.905,0.22782133333333335,341.732
Synthetic,RANKNET,VA,500,1000,DCR,58,0.909,0.21380933333333332,320.714
Synthetic,RANKNET,VA,500,1000,MDCR,58,0.909,0.213708,320.562
Synthetic,RANKNET,RA,500,1000,DCR,59,0.931,0.24519066666666667,367.786
Synthetic,RANKNET,RA,500,1000,MDCR,59,0.931,0.24633333333333332,369.5
Synthetic,RANKNET,VA,500,1000,DCR,59,0.939,0.2266493333333333,339.974
Synthetic,RANKNET,VA,500,1000,MDCR,59,0.939,0.22658066666666665,339.871
Synthetic,RANKNET,RA,500,1000,DCR,60,0.905,0.22380999999999998,335.715
Synthetic,RANKNET,RA,500,1000,MDCR,60,0.903,0.22263466666666668,333.952
Synthetic,RANKNET,VA,500,1000,DCR,60,0.907,0.21090066666666665,316.351
Synthetic,RANKNET,VA,500,1000,MDCR,60,0.908,0.21139333333333332,317.09
Synthetic,RANKNET,RA,500,1000,DCR,61,0.911,0.23168933333333333,347.534
Synthetic,RANKNET,RA,500,1000,MDCR,61,0.911,0.23168933333333333,347.534
Synthetic,RANKNET,VA,500,1000,DCR,61,0.922,0.22198533333333334,332.978
Synthetic,RANKNET,VA,500,1000,MDCR,61,0.922,0.22196466666666667,332.947
Synthetic,RANKNET,RA,500,1000,DCR,62,0.932,0.239422,359.133
Synthetic,RANKNET,RA,500,1000,MDCR,62,0.932,0.24059,360.885
Synthetic,RANKNET,VA,500,1000,DCR,62,0.931,0.22411,336.165
Synthetic,RANKNET,VA,500,1000,MDCR,62,0.931,0.22328800000000001,334.932
Synthetic,RANKNET,RA,500,1000,DCR,63,0.915,0.23097866666666667,346.468
Synthetic,RANKNET,RA,500,1000,MDCR,63,0.915,0.23214933333333332,348.224
Synthetic,RANKNET,VA,500,1000,DCR,63,0.921,0.21693666666666664,325.405
Synthetic,RANKNET,VA,500,1000,MDCR,63,0.921,0.21724066666666667,325.861
Synthetic,RANKNET,RA,500,1000,DCR,64,0.905,0.22869533333333333,343.043
Synthetic,RANKNET,RA,500,1000,MDCR,64,0.904,0.22752133333333333,341.282
Synthetic,RANKNET,VA,500,1000,DCR,64,0.913,0.21585866666666667,323.788
Synthetic,RANKNET,VA,500,1000,MDCR,64,0.913,0.21556466666666665,323.347
Synthetic,RANKNET,RA,500,1000,DCR,65,0.891,0.22021066666666664,330.316
Synthetic,RANKNET,RA,500,1000,MDCR,65,0.891,0.22021066666666664,330.316
Synthetic,RANKNET,VA,500,1000,DCR,65,0.903,0.20884199999999997,313.263
Synthetic,RANKNET,VA,500,1000,MDCR,65,0.902,0.20846266666666668,312.694
Synthetic,RANKNET,RA,500,1000,DCR,66,0.911,0.23077533333333333,346.163
Synthetic,RANKNET,RA,500,1000,MDCR,66,0.911,0.23077533333333333,346.163
Synthetic,RANKNET,VA,500,1000,DCR,66,0.914,0.21669133333333332,325.037
Synthetic,RANKNET,VA,500,1000,MDCR,66,0.914,0.2164333333333333,324.65
Synthetic,RANKNET,RA,500,1000,DCR,67,0.909,0.229638,344.457
Synthetic,RANKNET,RA,500,1000,MDCR,67,0.909,0.229638,344.457
Synthetic,RANKNET,VA,500,1000,DCR,67,0.92,0.21799600000000002,326.994
Synthetic,RANKNET,VA,500,1000,MDCR,67,0.919,0.217192,325.788
Synthetic,RANKNET,RA,500,1000,DCR,68,0.925,0.23912533333333333,358.688
Synthetic,RANKNET,RA,500,1000,MDCR,68,0.925,0.23912533333333333,358.688
Synthetic,RANKNET,VA,500,1000,DCR,68,0.939,0.22501933333333332,337.529
Synthetic,RANKNET,VA,500,1000,MDCR,68,0.939,0.2253613333333333,338.042
Synthetic,RANKNET,RA,500,1000,DCR,69,0.891,0.221826,332.739
Synthetic,RANKNET,RA,500,1000,MDCR,69,0.891,0.221826,332.739
Synthetic,RANKNET,VA,500,1000,DCR,69,0.91,0.21552799999999997,323.292
Synthetic,RANKNET,VA,500,1000,MDCR,69,0.91,0.21537,323.055
Synthetic,RANKNET,RA,500,1000,DCR,70,0.882,0.21329800000000002,319.947
Synthetic,RANKNET,RA,500,1000,MDCR,70,0.882,0.21329800000000002,319.947
Synthetic,RANKNET,VA,500,1000,DCR,70,0.899,0.20679399999999998,310.191
Synthetic,RANKNET,VA,500,1000,MDCR,70,0.899,0.20655133333333334,309.827
Synthetic,RANKNET,RA,500,1000,DCR,71,0.917,0.23196466666666668,347.947
Synthetic,RANKNET,RA,500,1000,MDCR,71,0.917,0.23196466666666668,347.947
Synthetic,RANKNET,VA,500,1000,DCR,71,0.925,0.22148933333333332,332.234
Synthetic,RANKNET,VA,500,1000,MDCR,71,0.925,0.22037,330.555
Synthetic,RANKNET,RA,500,1000,DCR,72,0.909,0.22841266666666668,342.619
Synthetic,RANKNET,RA,500,1000,MDCR,72,0.909,0.22841266666666668,342.619
Synthetic,RANKNET,VA,500,1000,DCR,72,0.924,0.21841533333333332,327.623
Synthetic,RANKNET,VA,500,1000,MDCR,72,0.925,0.21871666666666667,328.075
Synthetic,RANKNET,RA,500,1000,DCR,73,0.935,0.242444,363.666
Synthetic,RANKNET,RA,500,1000,MDCR,73,0.934,0.241284,361.926
Synthetic,RANKNET,VA,500,1000,DCR,73,0.935,0.226276,339.414
Synthetic,RANKNET,VA,500,1000,MDCR,73,0.935,0.22598466666666664,338.977
Synthetic,RANKNET,RA,500,1000,DCR,74,0.887,0.21707933333333335,325.619
Synthetic,RANKNET,RA,500,1000,MDCR,74,0.883,0.215894,323.841
Synthetic,RANKNET,VA,500,1000,DCR,74,0.895,0.20843933333333334,312.659
Synthetic,RANKNET,VA,500,1000,MDCR,74,0.895,0.20802933333333332,312.044
Synthetic,RANKNET,RA,500,1000,DCR,75,0.907,0.22668333333333332,340.025
Synthetic,RANKNET,RA,500,1000,MDCR,75,0.907,0.22668333333333332,340.025
Synthetic,RANKNET,VA,500,1000,DCR,75,0.913,0.21348066666666668,320.221
Synthetic,RANKNET,VA,500,1000,MDCR,75,0.913,0.21351533333333336,320.273
Synthetic,RANKNET,RA,500,1000,DCR,76,0.9,0.223624,335.436
Synthetic,RANKNET,RA,500,1000,MDCR,76,0.898,0.22244266666666665,333.664
Synthetic,RANKNET,VA,500,1000,DCR,76,0.902,0.211178,316.767
Synthetic,RANKNET,VA,500,1000,MDCR,76,0.898,0.21007933333333334,315.119
Synthetic,RANKNET,RA,500,1000,DCR,77,0.912,0.23242866666666664,348.643
Synthetic,RANKNET,RA,500,1000,MDCR,77,0.912,0.23242866666666664,348.643
Synthetic,RANKNET,VA,500,1000,DCR,77,0.93,0.22304933333333335,334.574
Synthetic,RANKNET,VA,500,1000,MDCR,77,0.93,0.2233486666666667,335.023
Synthetic,RANKNET,RA,500,1000,DCR,78,0.907,0.22525199999999998,337.878
Synthetic,RANKNET,RA,500,1000,MDCR,78,0.907,0.22525199999999998,337.878
Synthetic,RANKNET,VA,500,1000,DCR,78,0.92,0.21697733333333333,325.466
Synthetic,RANKNET,VA,500,1000,MDCR,78,0.919,0.21591466666666667,323.872
Synthetic,RANKNET,RA,500,1000,DCR,79,0.903,0.2248406666666667,337.261
Synthetic,RANKNET,RA,500,1000,MDCR,79,0.904,0.22601466666666667,339.022
Synthetic,RANKNET,VA,500,1000,DCR,79,0.904,0.208204,312.306
Synthetic,RANKNET,VA,500,1000,MDCR,79,0.904,0.20822200000000002,312.333
Synthetic,RANKNET,RA,500,1000,DCR,80,0.912,0.229354,344.031
Synthetic,RANKNET,RA,500,1000,MDCR,80,0.915,0.23052066666666668,345.781
Synthetic,RANKNET,VA,500,1000,DCR,80,0.925,0.22050266666666668,330.754
Synthetic,RANKNET,VA,500,1000,MDCR,80,0.925,0.21987600000000002,329.814
Synthetic,RANKNET,RA,500,1000,DCR,81,0.912,0.23034933333333332,345.524
Synthetic,RANKNET,RA,500,1000,MDCR,81,0.913,0.23151333333333332,347.27
Synthetic,RANKNET,VA,500,1000,DCR,81,0.941,0.23154933333333333,347.324
Synthetic,RANKNET,VA,500,1000,MDCR,81,0.938,0.23084733333333335,346.271
Synthetic,RANKNET,RA,500,1000,DCR,82,0.907,0.22634866666666667,339.523
Synthetic,RANKNET,RA,500,1000,MDCR,82,0.908,0.22751,341.265
Synthetic,RANKNET,VA,500,1000,DCR,82,0.919,0.21788999999999997,326.835
Synthetic,RANKNET,VA,500,1000,MDCR,82,0.919,0.21727200000000002,325.908
Synthetic,RANKNET,RA,500,1000,DCR,83,0.929,0.24129199999999998,361.938
Synthetic,RANKNET,RA,500,1000,MDCR,83,0.929,0.24129199999999998,361.938
Synthetic,RANKNET,VA,500,1000,DCR,83,0.935,0.222336,333.504
Synthetic,RANKNET,VA,500,1000,MDCR,83,0.935,0.22207066666666667,333.106
Synthetic,RANKNET,RA,500,1000,DCR,84,0.919,0.23753066666666667,356.296
Synthetic,RANKNET,RA,500,1000,MDCR,84,0.916,0.236366,354.549
Synthetic,RANKNET,VA,500,1000,DCR,84,0.929,0.22396733333333335,335.951
Synthetic,RANKNET,VA,500,1000,MDCR,84,0.93,0.2243,336.45
Synthetic,RANKNET,RA,500,1000,DCR,85,0.909,0.22938933333333333,344.084
Synthetic,RANKNET,RA,500,1000,MDCR,85,0.909,0.22938933333333333,344.084
Synthetic,RANKNET,VA,500,1000,DCR,85,0.929,0.22144466666666665,332.167
Synthetic,RANKNET,VA,500,1000,MDCR,85,0.926,0.22053733333333334,330.806
Synthetic,RANKNET,RA,500,1000,DCR,86,0.929,0.24158133333333334,362.372
Synthetic,RANKNET,RA,500,1000,MDCR,86,0.927,0.24042333333333332,360.635
Synthetic,RANKNET,VA,500,1000,DCR,86,0.926,0.22301133333333334,334.517
Synthetic,RANKNET,VA,500,1000,MDCR,86,0.926,0.222818,334.227
Synthetic,RANKNET,RA,500,1000,DCR,87,0.918,0.234522,351.783
Synthetic,RANKNET,RA,500,1000,MDCR,87,0.918,0.234522,351.783
Synthetic,RANKNET,VA,500,1000,DCR,87,0.937,0.22825600000000001,342.384
Synthetic,RANKNET,VA,500,1000,MDCR,87,0.937,0.228588,342.882
Synthetic,RANKNET,RA,500,1000,DCR,88,0.879,0.21303333333333335,319.55
Synthetic,RANKNET,RA,500,1000,MDCR,88,0.879,0.21303333333333335,319.55
Synthetic,RANKNET,VA,500,1000,DCR,88,0.895,0.20545333333333335,308.18
Synthetic,RANKNET,VA,500,1000,MDCR,88,0.895,0.20544733333333332,308.171
Synthetic,RANKNET,RA,500,1000,DCR,89,0.937,0.24226533333333336,363.398
Synthetic,RANKNET,RA,500,1000,MDCR,89,0.937,0.24226533333333336,363.398
Synthetic,RANKNET,VA,500,1000,DCR,89,0.939,0.227652,341.478
Synthetic,RANKNET,VA,500,1000,MDCR,89,0.939,0.22804266666666667,342.064
Synthetic,RANKNET,RA,500,1000,DCR,90,0.894,0.2207633333333333,331.145
Synthetic,RANKNET,RA,500,1000,MDCR,90,0.894,0.2207633333333333,331.145
Synthetic,RANKNET,VA,500,1000,DCR,90,0.92,0.21577799999999997,323.667
Synthetic,RANKNET,VA,500,1000,MDCR,90,0.92,0.215334,323.001
Synthetic,RANKNET,RA,500,1000,DCR,91,0.922,0.23573466666666665,353.602
Synthetic,RANKNET,RA,500,1000,MDCR,91,0.922,0.23573466666666665,353.602
Synthetic,RANKNET,VA,500,1000,DCR,91,0.932,0.22349600000000003,335.244
Synthetic,RANKNET,VA,500,1000,MDCR,91,0.932,0.22349066666666667,335.236
Synthetic,RANKNET,RA,500,1000,DCR,92,0.916,0.23390066666666667,350.851
Synthetic,RANKNET,RA,500,1000,MDCR,92,0.916,0.23390066666666667,350.851
Synthetic,RANKNET,VA,500,1000,DCR,92,0.92,0.21789533333333336,326.843
Synthetic,RANKNET,VA,500,1000,MDCR,92,0.919,0.21752866666666668,326.293
Synthetic,RANKNET,RA,500,1000,DCR,93,0.903,0.228386,342.579
Synthetic,RANKNET,RA,500,1000,MDCR,93,0.903,0.228386,342.579
Synthetic,RANKNET,VA,500,1000,DCR,93,0.918,0.21595466666666668,323.932
Synthetic,RANKNET,VA,500,1000,MDCR,93,0.916,0.21544466666666665,323.167
Synthetic,RANKNET,RA,500,1000,DCR,94,0.907,0.22658533333333333,339.878
Synthetic,RANKNET,RA,500,1000,MDCR,94,0.907,0.22658533333333333,339.878
Synthetic,RANKNET,VA,500,1000,DCR,94,0.92,0.21467333333333333,322.01
Synthetic,RANKNET,VA,500,1000,MDCR,94,0.917,0.213372,320.058
Synthetic,RANKNET,RA,500,1000,DCR,95,0.911,0.22856666666666667,342.85
Synthetic,RANKNET,RA,500,1000,MDCR,95,0.911,0.22856666666666667,342.85
Synthetic,RANKNET,VA,500,1000,DCR,95,0.926,0.21812399999999998,327.186
Synthetic,RANKNET,VA,500,1000,MDCR,95,0.926,0.21725866666666666,325.888
Synthetic,RANKNET,RA,500,1000,DCR,96,0.914,0.2301146666666667,345.172
Synthetic,RANKNET,RA,500,1000,MDCR,96,0.914,0.2301146666666667,345.172
Synthetic,RANKNET,VA,500,1000,DCR,96,0.926,0.21860933333333332,327.914
Synthetic,RANKNET,VA,500,1000,MDCR,96,0.927,0.21897866666666668,328.468
Synthetic,RANKNET,RA,500,1000,DCR,97,0.902,0.22494066666666668,337.411
Synthetic,RANKNET,RA,500,1000,MDCR,97,0.902,0.22494066666666668,337.411
Synthetic,RANKNET,VA,500,1000,DCR,97,0.916,0.213108,319.662
Synthetic,RANKNET,VA,500,1000,MDCR,97,0.916,0.21261933333333333,318.929
Synthetic,RANKNET,RA,500,1000,DCR,98,0.91,0.22795133333333334,341.927
Synthetic,RANKNET,RA,500,1000,MDCR,98,0.91,0.22795133333333334,341.927
Synthetic,RANKNET,VA,500,1000,DCR,98,0.928,0.22085066666666667,331.276
Synthetic,RANKNET,VA,500,1000,MDCR,98,0.928,0.22085066666666667,331.276
Synthetic,RANKNET,RA,500,1000,DCR,99,0.925,0.2399153333333333,359.873
Synthetic,RANKNET,RA,500,1000,MDCR,99,0.927,0.24106333333333335,361.595
Synthetic,RANKNET,VA,500,1000,DCR,99,0.93,0.22359600000000002,335.394
Synthetic,RANKNET,VA,500,1000,MDCR,99,0.93,0.22377866666666668,335.668
